create database healthcare_db;
use healthcare_db;

CREATE TABLE Patients (
  patient_id INT PRIMARY KEY AUTO_INCREMENT,
  name VARCHAR(255) NOT NULL,
  birthdate DATE NOT NULL,
  gender VARCHAR(50) NOT NULL
);

CREATE TABLE Specialties (
  specialty_id INT PRIMARY KEY AUTO_INCREMENT,
  specialty_name VARCHAR(255) NOT NULL
);

CREATE TABLE Doctors (
  doctor_id INT PRIMARY KEY AUTO_INCREMENT,
  name VARCHAR(255) NOT NULL,
  specialty_id INT NOT NULL,
  contact_info VARCHAR(255),
  FOREIGN KEY (specialty_id) REFERENCES Specialties(specialty_id)
);

CREATE TABLE Appointments (
  appointment_id INT PRIMARY KEY AUTO_INCREMENT,
  patient_id INT NOT NULL,
  doctor_id INT NOT NULL,
  appointment_date DATETIME NOT NULL,
  notes TEXT,
  FOREIGN KEY (patient_id) REFERENCES Patients(patient_id),
  FOREIGN KEY (doctor_id) REFERENCES Doctors(doctor_id)
);

CREATE TABLE Prescriptions (
  prescription_id INT PRIMARY KEY AUTO_INCREMENT,
  appointment_id INT NOT NULL,
  medication VARCHAR(255) NOT NULL,
  dosage VARCHAR(255) NOT NULL,
  FOREIGN KEY (appointment_id) REFERENCES Appointments(appointment_id)

);

ALTER TABLE Doctors
ADD column gender VARCHAR(50)NOT NULL;

INSERT INTO Patients (name, birthdate, gender) VALUES
('John Doe', '1990-05-15', 'Male'),
('Jane Smith', '1985-08-20', 'Female'),
('Michael Johnson', '1978-12-10', 'Male'),
('Emily Brown', '1992-04-25', 'Female'),
('David Williams', '1982-07-05', 'Male'),
('Sarah Davis', '1975-11-30', 'Female'),
('Matthew Wilson', '1993-09-18', 'Male'),
('Jessica Taylor', '1988-02-12', 'Female'),
('Christopher Martinez', '1979-06-28', 'Male'),
('Amanda Anderson', '1984-10-08', 'Female'),
('James Rodriguez', '1991-03-22', 'Male'),
('Laura Garcia', '1976-08-15', 'Female'),
('Daniel Hernandez', '1983-01-05', 'Male'),
('Jennifer Gonzalez', '1977-05-20', 'Female'),
('Robert Lopez', '1994-11-12', 'Male'),
('Melissa Perez', '1989-04-02', 'Female'),
('William Smith', '1980-07-17', 'Male'),
('Ashley Wilson', '1973-12-30', 'Female'),
('Joseph Johnson', '1995-10-25', 'Male'),
('Megan Brown', '1981-03-08', 'Female'),
('Matthew Davis', '1974-06-18', 'Male'),
('Stephanie Miller', '1990-09-05', 'Female'),
('Joshua Taylor', '1978-01-15', 'Male'),
('Brittany Moore', '1986-05-28', 'Female'),
('Ryan Anderson', '1979-11-10', 'Male'),
('Elizabeth Martinez', '1992-02-22', 'Female'),
('Kevin Jackson', '1977-07-03', 'Male'),
('Lauren Hernandez', '1984-10-30', 'Female'),
('Justin Garcia', '1975-04-12', 'Male'),
('Kayla Gonzalez', '1993-08-19', 'Female'),
('Andrew Rodriguez', '1980-12-05', 'Male'),
('Samantha Perez', '1971-06-10', 'Female'),
('Nicholas Lee', '1994-01-28', 'Male'),
('Amber Flores', '1983-04-20', 'Female'),
('Brandon Campbell', '1976-09-15', 'Male'),
('Rachel Reed', '1991-11-02', 'Female'),
('Tyler Nguyen', '1978-02-08', 'Male'),
('Katie Wright', '1987-07-25', 'Female'),
('Jacob Hill', '1974-12-18', 'Male'),
('Hannah Mitchell', '1996-10-05', 'Female'),
('Ryan Lewis', '1982-03-22', 'Male'),
('Alexis King', '1977-08-10', 'Female'),
('Zachary Scott', '1990-05-28', 'Male'),
('Victoria Turner', '1985-09-15', 'Female'),
('Cody Baker', '1972-02-20', 'Male'),
('Madison White', '1993-07-12', 'Female'),
('Jordan Harris', '1979-11-30', 'Male'),
('Julia Hall', '1984-04-05', 'Female'),
('Dylan Adams', '1976-08-22', 'Male'),
('Kelly Campbell', '1991-12-18', 'Female'),
('Christian Carter', '1978-05-08', 'Male'),
('Alexandra Rivera', '1983-10-02', 'Female'),
('Aaron Young', '1975-03-15', 'Male'),
('Gabrielle Turner', '1994-06-28', 'Female'),
('Logan Thompson', '1989-09-10', 'Male'),
('Cassandra Morris', '1971-01-20', 'Female'),
('Austin Nelson', '1992-04-05', 'Male'),
('Natalie Baker', '1987-07-30', 'Female'),
('Jonathan Allen', '1974-12-15', 'Male'),
('Rebecca Parker', '1996-11-22', 'Female'),
('Benjamin Peterson', '1981-05-08', 'Male'),
('Brianna Bell', '1976-09-25', 'Female'),
('Samuel Cooper', '1979-11-10', 'Male'),
('Abigail Reed', '1990-02-22', 'Female'),
('Patrick Sanchez', '1977-07-05', 'Male'),
('Katherine Hayes', '1984-11-30', 'Female'),
('Timothy Flores', '1975-04-12', 'Male'),
('Emma Simmons', '1993-08-19', 'Female'),
('Jesse Powell', '1972-01-28', 'Male'),
('Olivia Ramirez', '1994-05-20', 'Female'),
('Jason Griffin', '1989-10-08', 'Male'),
('Hailey Price', '1981-03-15', 'Female'),
('Michael Stewart', '1974-06-28', 'Male'),
('Maria Coleman', '1991-09-10', 'Female'),
('Steven Carter', '1976-12-02', 'Male'),
('Laura Howard', '1979-05-18', 'Female'),
('Nicholas Ross', '1990-08-02', 'Male'),
('Christina Morris', '1985-01-30', 'Female'),
('Daniel Nelson', '1973-04-20', 'Male'),
('Taylor Bell', '1992-07-05', 'Female');

INSERT INTO Specialties (specialty_name) VALUES
('Cardiology'),
('Oncology'),
('Neurology'),
('Orthopedics'),
('Dermatology'),
('Pediatrics'),
('Gynecology'),
('Urology'),
('ENT (Ear, Nose, Throat)'),
('Psychiatry');

INSERT INTO Doctors (name, specialty_id, contact_info) VALUES
('Dr. John Smith', 1, 'john.smith@example.com'),
('Dr. Emily Johnson', 2, 'emily.johnson@example.com'),
('Dr. Michael Brown', 3, 'michael.brown@example.com'),
('Dr. Sarah Davis', 4, 'sarah.davis@example.com'),
('Dr. Jessica Wilson', 5, 'jessica.wilson@example.com'),
('Dr. David Garcia', 6, 'david.garcia@example.com'),
('Dr. Jennifer Martinez', 7, 'jennifer.martinez@example.com'),
('Dr. Christopher Taylor', 8, 'christopher.taylor@example.com'),
('Dr. Amanda Hernandez', 9, 'amanda.hernandez@example.com'),
('Dr. Matthew Lopez', 10, 'matthew.lopez@example.com');

INSERT INTO Appointments (patient_id, doctor_id, appointment_date, notes) VALUES
(1, 1, '2024-06-05 09:00:00', 'Routine checkup'),
(2, 2, '2024-06-06 10:30:00', 'Follow-up appointment'),
(3, 3, '2024-06-07 11:15:00', 'Consultation for treatment options'),
(4, 4, '2024-06-08 13:00:00', 'Prescription refill'),
(5, 5, '2024-06-09 14:45:00', 'Diagnostic test review'),
(6, 6, '2024-06-10 15:30:00', 'Vaccination'),
(7, 7, '2024-06-11 09:30:00', 'Physical examination'),
(8, 8, '2024-06-12 10:15:00', 'Discussion about surgery options'),
(9, 9, '2024-06-13 11:00:00', 'Mental health evaluation'),
(10, 10, '2024-06-14 12:45:00', 'Prenatal checkup'),
(11, 1, '2024-06-15 13:30:00', 'Follow-up visit'),
(12, 2, '2024-06-16 14:00:00', 'Blood test'),
(13, 3, '2024-06-17 15:30:00', 'X-ray review'),
(14, 4, '2024-06-18 09:00:00', 'Medication adjustment'),
(15, 5, '2024-06-19 10:30:00', 'Allergy testing'),
(16, 6, '2024-06-20 11:15:00', 'Flu shot'),
(17, 7, '2024-06-21 13:00:00', 'Nutrition consultation'),
(18, 8, '2024-06-22 14:45:00', 'Physical therapy session'),
(19, 9, '2024-06-23 15:30:00', 'Counseling session'),
(20, 10, '2024-06-24 09:30:00', 'Ultrasound'),
(21, 1, '2024-06-25 10:15:00', 'Checkup after surgery'),
(22, 2, '2024-06-26 11:00:00', 'MRI scan'),
(23, 3, '2024-06-27 12:45:00', 'Discussion about treatment plan'),
(24, 4, '2024-06-28 13:30:00', 'Follow-up appointment'),
(25, 5, '2024-06-29 14:00:00', 'CT scan'),
(26, 6, '2024-06-30 15:30:00', 'Immunization'),
(27, 7, '2024-07-01 09:00:00', 'Physical examination'),
(28, 8, '2024-07-02 10:30:00', 'Surgery consultation'),
(29, 9, '2024-07-03 11:15:00', 'Therapy session'),
(30, 10, '2024-07-04 13:00:00', 'Prenatal checkup'),
(31, 1, '2024-07-05 14:45:00', 'Routine checkup'),
(32, 2, '2024-07-06 15:30:00', 'Discussion about test results'),
(33, 3, '2024-07-07 09:30:00', 'Medication review'),
(34, 4, '2024-07-08 10:15:00', 'Follow-up visit'),
(35, 5, '2024-07-09 11:00:00', 'Physical examination'),
(36, 6, '2024-07-10 12:45:00', 'Vaccination'),
(37, 7, '2024-07-11 13:30:00', 'Discussion about treatment options'),
(38, 8, '2024-07-12 14:00:00', 'Blood test'),
(39, 9, '2024-07-13 15:30:00', 'X-ray review'),
(40, 10, '2024-07-14 09:00:00', 'Consultation for surgery'),
(41, 1, '2024-07-15 10:30:00', 'Physical therapy session'),
(42, 2, '2024-07-16 11:15:00', 'Checkup after treatment'),
(43, 3, '2024-07-17 13:00:00', 'Counseling session'),
(44, 4, '2024-07-18 14:45:00', 'Allergy testing'),
(45, 5, '2024-07-19 15:30:00', 'Vaccination'),
(46, 6, '2024-07-20 09:00:00', 'Prescription refill'),
(47, 7, '2024-07-21 10:30:00', 'Follow-up appointment'),
(48, 8, '2024-07-22 11:15:00', 'Diagnostic test'),
(49, 9, '2024-07-23 12:45:00', 'Consultation for treatment plan'),
(50, 10, '2024-07-24 13:30:00', 'Blood test'),
(51, 1, '2024-07-25 14:00:00', 'Physical examination'),
(52, 2, '2024-07-26 15:30:00', 'Nutrition consultation'),
(53, 3, '2024-07-27 09:00:00', 'Physical therapy session'),
(54, 4, '2024-07-28 10:30:00', 'MRI scan'),
(55, 5, '2024-07-29 11:15:00', 'Discussion about treatment options'),
(56, 6, '2024-07-30 13:00:00', 'Follow-up visit'),
(57, 7, '2024-07-31 14:45:00', 'X-ray review'),
(58, 8, '2024-08-01 15:30:00', 'Surgery consultation'),
(59, 9, '2024-08-02 09:00:00', 'Therapy session'),
(60, 10, '2024-08-03 09:15:00', 'blood test'),
(61, 1, '2024-06-05 10:00:00', 'Routine checkup'),
(62, 2, '2024-06-06 11:30:00', 'Chemotherapy session'),
(63, 3, '2024-06-07 09:45:00', 'MRI scan'),
(64, 4, '2024-06-08 14:15:00', 'Dermatology consultation'),
(65, 5, '2024-06-09 15:30:00', 'Orthopedic follow-up'),
(66, 6, '2024-06-10 12:00:00', 'Pediatric vaccination'),
(67, 7, '2024-06-11 10:45:00', 'Gynecology checkup'),
(68, 8, '2024-06-12 13:30:00', 'Urology consultation'),
(69, 9, '2024-06-13 16:00:00', 'ENT examination'),
(70, 10, '2024-06-14 08:30:00', 'Psychiatry session'),
(71, 1, '2024-06-15 09:00:00', 'Follow-up appointment'),
(72, 2, '2024-06-16 10:15:00', 'Chemotherapy session'),
(73, 3, '2024-06-17 11:30:00', 'Neurology consultation'),
(74, 4, '2024-06-18 14:45:00', 'Skin biopsy'),
(75, 5, '2024-06-19 15:00:00', 'Orthopedic surgery discussion'),
(76, 6, '2024-06-20 11:00:00', 'Pediatric checkup'),
(77, 7, '2024-06-21 10:30:00', 'Gynecology ultrasound'),
(78, 8, '2024-06-22 12:45:00', 'Urology follow-up'),
(79, 9, '2024-06-23 14:00:00', 'ENT procedure'),
(80, 10, '2024-06-24 08:15:00', 'Psychiatry evaluation');

INSERT INTO Prescriptions (appointment_id, medication, dosage) VALUES
(1, 'Aspirin', '100mg'),
(2, 'Chemotherapy Drug A', '500mg'),
(3, 'MRI Contrast Agent', '50ml'),
(4, 'Topical Cream X', 'Apply as needed'),
(5, 'Pain Reliever Y', 'Take 2 tablets'),
(6, 'Vaccine Z', 'Standard dose'),
(7, 'Birth Control Pill', 'Take daily'),
(8, 'UTI Antibiotic', '250mg twice daily'),
(9, 'Nasal Spray', 'Use as directed'),
(10, 'Antidepressant', 'Take at bedtime'),
(11, 'Blood Pressure Medication', '50mg daily'),
(12, 'Chemotherapy Drug B', '300mg'),
(13, 'Neurological Medication', '200mg twice daily'),
(14, 'Skin Ointment', 'Apply to affected area'),
(15, 'Pain Medication', 'Take as needed for pain'),
(16, 'Pediatric Multivitamin', '1 teaspoon daily'),
(17, 'Hormonal Therapy', 'Apply once daily'),
(18, 'Urinary Tract Pain Relief', 'Take with food'),
(19, 'Throat Lozenges', 'Use as needed'),
(20, 'Antipsychotic Medication', 'Take twice daily'),
(21, 'Anti-inflammatory Drug', '200mg twice daily'),
(22, 'Chemotherapy Drug C', '400mg'),
(23, 'Antiepileptic Medication', '300mg twice daily'),
(24, 'Antifungal Cream', 'Apply twice daily'),
(25, 'Analgesic', 'Take as needed for pain'),
(26, 'Pediatric Antibiotic', '100mg twice daily'),
(27, 'Hormonal Birth Control', 'Take daily'),
(28, 'Bladder Control Medication', '100mg daily'),
(29, 'Cough Syrup', 'Take as directed'),
(30, 'Anxiolytic Medication', '0.5mg daily'),
(31, 'Antibiotic Ointment', 'Apply to wound'),
(32, 'Chemotherapy Drug D', '600mg'),
(33, 'Antihypertensive Medication', '100mg twice daily'),
(34, 'Anticoagulant', 'Take with meals'),
(35, 'Skin Lotion', 'Apply daily'),
(36, 'Pediatric Fever Reducer', '10mg/kg as needed'),
(37, 'Hormonal Replacement Therapy', 'Apply to skin'),
(38, 'Anti-acid Medication', '20mg daily'),
(39, 'Antihistamine', '10mg as needed'),
(40, 'Antiviral Medication', '200mg twice daily'),
(41, 'Chemotherapy Drug E', '700mg'),
(42, 'Antiemetic Medication', 'Take 1 hour before meals'),
(43, 'Neuropathic Pain Medication', '300mg daily'),
(44, 'Antiseptic Solution', 'Use for wound cleaning'),
(45, 'Pediatric Cough Suppressant', '5ml every 6 hours'),
(46, 'Hormonal Contraceptive Patch', 'Apply weekly'),
(47, 'Blood Thinner', 'Take as directed'),
(48, 'Skin Protectant', 'Apply as needed'),
(49, 'Pediatric Allergy Medication', '2.5mg twice daily'),
(50, 'Antiemetic', '10mg as needed'),
(51, 'Antidiarrheal Medication', 'Take after meals'),
(52, 'Chemotherapy Drug F', '800mg'),
(53, 'Antianxiety Medication', '0.25mg daily'),
(54, 'Topical Antibiotic Cream', 'Apply to affected area'),
(55, 'Pediatric Pain Reliever', '5mg/kg as needed'),
(56, 'Hormonal Contraceptive Pill', 'Take daily'),
(57, 'Antacid', '20mg as needed'),
(58, 'Pediatric Antiviral Medication', '100mg twice daily'),
(59, 'Anti-itch Cream', 'Apply to affected area'),
(60, 'Antiemetic', '10mg as needed'),
(61, 'Antiasthmatic Medication', '200mcg daily'),
(62, 'Chemotherapy Drug G', '900mg'),
(63, 'Antiemetic', '10mg as needed'),
(64, 'Antibacterial Soap', 'Use daily'),
(65, 'Pediatric Antifungal Cream', 'Apply twice daily'),
(66, 'Hormonal Contraceptive Injection', 'Administer once every 3 months'),
(67, 'Blood Pressure Medication', '50mg twice daily'),
(68, 'Antiviral Ointment', 'Apply to affected area'),
(69, 'Pediatric Antihistamine', '5mg as needed'),
(70, 'Antacid', '20mg as needed'),
(71, 'Antifungal Medication', '200mg daily'),
(72, 'Chemotherapy Drug H', '1000mg'),
(73, 'Antispasmodic Medication', '10mg twice daily'),
(74, 'Antibacterial Ointment', 'Apply to wound'),
(75, 'Pediatric Decongestant', '2.5ml every 4 hours'),
(76, 'Hormonal Contraceptive Ring', 'Replace monthly'),
(77, 'Blood Sugar Medication', '10mg daily'),
(78, 'Antiviral Cream', 'Apply to affected area'),
(79, 'Pediatric Nasal Spray', 'Use as directed'),
(80, 'Anti-inflammatory Medication', '100mg daily');






